Name,Purpose
Name: Norris-Crawford,Purpose: Pre-emptive intangible pricing structure for expedite magnetic models
Name: Harding PLC,Purpose: Reactive static benchmark for grow e-business e-tailers
Name: Hendricks-Fletcher,Purpose: Seamless motivating parallelism for visualize robust infrastructures
Name: Potts-Clark,Purpose: Face-to-face client-server utilization for deliver efficient e-tailers
Name: Lopez-Williamson,Purpose: Cross-group disintermediate model for morph intuitive info-mediaries
"Name: Summers, Andersen and Cooke",Purpose: Compatible heuristic superstructure for enhance 24/365 e-markets
Name: Abbott-Ross,Purpose: Diverse interactive parallelism for expedite clicks-and-mortar applications
Name: Buckley Group,Purpose: Integrated tangible encryption for benchmark end-to-end deliverables
Name: Sanders PLC,Purpose: Innovative hybrid leverage for optimize 24/7 experiences
"Name: Walton, Craig and Clay",Purpose: Virtual incremental hierarchy for re-contextualize plug-and-play action-items
Name: Medina LLC,Purpose: Reduced encompassing extranet for leverage customized info-mediaries
"Name: Smith, Barnes and Wolf",Purpose: Triple-buffered eco-centric access for redefine synergistic markets
"Name: Townsend, Smith and Young",Purpose: Synergized analyzing capacity for mesh integrated portals
Name: Barr PLC,Purpose: Progressive 3rdgeneration hardware for mesh real-time channels
Name: Norton LLC,Purpose: Versatile multi-tasking orchestration for engineer clicks-and-mortar deliverables
Name: Morris-Evans,Purpose: Persevering maximized parallelism for architect 24/7 e-commerce
"Name: Sullivan, Rosario and Dean",Purpose: Mandatory stable circuit for implement magnetic action-items
"Name: Brown, Burns and Hawkins",Purpose: Multi-lateral empowering infrastructure for mesh frictionless platforms
"Name: Lewis, Finley and Greene",Purpose: Multi-layered heuristic hardware for implement back-end models
Name: Anderson and Sons,Purpose: De-engineered static model for deliver user-centric synergies
"Name: Harrington, Stephens and Graham",Purpose: Stand-alone intangible emulation for extend user-centric e-commerce
Name: Weaver-Blanchard,Purpose: Triple-buffered bottom-line model for optimize proactive networks
Name: Morales Inc,Purpose: Cross-platform asymmetric function for enable killer synergies
"Name: Lara, Griffin and Butler",Purpose: Secured web-enabled adapter for revolutionize holistic e-business
Name: Gilbert Group,Purpose: Synergized multi-tasking parallelism for monetize value-added paradigms
Name: Horne-Cantu,Purpose: Optimized heuristic forecast for drive intuitive relationships
Name: Young-Murphy,Purpose: Team-oriented optimal open architecture for incubate vertical e-commerce
Name: Middleton-Terrell,Purpose: Business-focused logistical customer loyalty for optimize viral niches
Name: Perkins-Mcdonald,Purpose: Digitized client-driven archive for exploit leading-edge models
"Name: Garcia, Rojas and Simon",Purpose: Secured static policy for implement granular technologies
Name: Mullins-Rios,Purpose: Robust tangible Internet solution for scale virtual mindshare
"Name: Winters, Nelson and Winters",Purpose: Triple-buffered zero tolerance website for orchestrate compelling relationships
"Name: Richards, Miller and Franklin",Purpose: Re-engineered dedicated time-frame for grow wireless e-commerce
Name: Mccarthy-Wong,Purpose: Innovative 5thgeneration frame for e-enable integrated bandwidth
"Name: Smith, Vaughn and Wells",Purpose: Enhanced exuding installation for revolutionize granular e-commerce
Name: Bass Group,Purpose: Automated radical project for enable collaborative convergence
Name: Hutchinson-Houston,Purpose: Cloned needs-based workforce for unleash cutting-edge metrics
Name: Dickson-Pennington,Purpose: Business-focused full-range application for transition out-of-the-box e-tailers
"Name: Williams, White and Palmer",Purpose: Configurable scalable productivity for brand B2C experiences
Name: Weiss Inc,Purpose: Cross-platform background utilization for leverage B2B convergence
"Name: Gibbs, Kirk and Morgan",Purpose: Universal high-level circuit for matrix B2C web-readiness
Name: Ward Inc,Purpose: Proactive fresh-thinking website for architect user-centric eyeballs
"Name: Jones, Goodman and David",Purpose: Adaptive background benchmark for re-contextualize one-to-one markets
Name: Johnson LLC,Purpose: Polarized scalable forecast for optimize bleeding-edge functionalities
Name: Garcia-Barton,Purpose: Persistent exuding matrix for synergize plug-and-play technologies
Name: Irwin and Sons,Purpose: Multi-tiered executive initiative for facilitate seamless methodologies
Name: Torres-Martin,Purpose: Phased fault-tolerant encryption for incubate magnetic action-items
"Name: Smith, Rodriguez and Morris",Purpose: Front-line bottom-line strategy for syndicate e-business infrastructures
Name: Hill Inc,Purpose: Quality-focused object-oriented interface for facilitate transparent info-mediaries
Name: Phillips-Diaz,Purpose: Business-focused tertiary product for seize bleeding-edge convergence
